{
  "n_folds": 5,
  "model": "llama3:8b",
  "mean_accuracy": 94.0,
  "std_accuracy": 5.477225575051661,
  "mean_time": 2.205389323234558,
  "std_time": 0.17868899943852962,
  "fold_accuracies": [
    90.0,
    100.0,
    100.0,
    90.0,
    90.0
  ],
  "fold_times": [
    2.3624216318130493,
    2.1388550281524656,
    2.1448834419250487,
    1.9729969024658203,
    2.407789611816406
  ],
  "coefficient_of_variation": 5.826835718140065,
  "timestamp": "2025-12-02T08:56:36.308755"
}